flag_id,trip_id,driver_id,timestamp,elapsed_seconds,flag_type,severity,motion_score,audio_score,combined_score,explanation,context
FLAG001,TRIP015,DRV111,2024-02-06 06:00:58,58,audio_spike,medium,0.41,0.84,0.61,Elevated cabin audio (96 dB) detected.,Motion: normal | Audio: argument
FLAG002,TRIP010,DRV145,2024-02-06 06:00:59,59,harsh_braking,high,0.9,0.42,0.68,Sudden deceleration detected (3.1 m/s² spike). Audio elevated.,Motion: harsh_brake | Audio: normal
FLAG003,TRIP029,DRV106,2024-02-06 06:01:01,61,moderate_brake,medium,0.52,0.41,0.47,Moderate motion event (1.8 m/s²) with audio evidence (score=0.41).,Motion: moderate | Audio: normal
FLAG004,TRIP023,DRV091,2024-02-06 06:01:18,78,moderate_brake,medium,0.7,0.41,0.57,Moderate motion event (2.5 m/s²) with audio evidence (score=0.41).,Motion: moderate | Audio: normal
FLAG005,TRIP001,DRV107,2024-02-06 06:01:40,100,conflict_moment,high,0.63,0.87,0.74,Combined signal: motion + audio events detected in trip. Elevated cabin audio (88 dB) detected.,Motion: moderate | Audio: argument
FLAG006,TRIP180,DRV175,2024-02-06 06:02:01,121,harsh_braking,high,0.97,0.3,0.67,Hard acceleration detected (3.4 m/s² spike).,Motion: harsh_accel | Audio: normal
FLAG007,TRIP024,DRV189,2024-02-06 06:02:02,122,audio_spike,medium,0.52,0.7,0.6,Elevated cabin audio (87 dB) detected.,Motion: moderate | Audio: argument
FLAG008,TRIP007,DRV095,2024-02-06 06:02:06,126,moderate_brake,medium,0.65,0.26,0.47,Moderate motion event (2.3 m/s²). Normal traffic pattern.,Motion: moderate | Audio: normal
FLAG009,TRIP014,DRV032,2024-02-06 06:02:34,154,moderate_brake,medium,0.71,0.41,0.58,Moderate motion event (2.5 m/s²) with audio evidence (score=0.41).,Motion: moderate | Audio: normal
FLAG010,TRIP028,DRV189,2024-02-06 06:02:44,164,moderate_brake,high,0.71,0.55,0.64,Moderate motion event (2.5 m/s²) with audio evidence (score=0.55).,Motion: moderate | Audio: elevated
FLAG011,TRIP004,DRV210,2024-02-06 06:02:45,165,moderate_brake,medium,0.62,0.27,0.46,Moderate motion event (2.2 m/s²). Normal traffic pattern.,Motion: moderate | Audio: normal
FLAG012,TRIP003,DRV003,2024-02-06 06:03:07,187,audio_spike,high,0.61,0.86,0.72,Elevated cabin audio (91 dB) detected.,Motion: moderate | Audio: argument
FLAG013,TRIP006,DRV077,2024-02-06 06:03:54,234,audio_spike,medium,0.58,0.65,0.61,Elevated cabin audio (80 dB) detected.,Motion: moderate | Audio: argument
FLAG014,TRIP019,DRV045,2024-02-06 06:04:19,259,harsh_braking,low,0.66,0.15,0.43,Event: motion_score=0.66 audio_score=0.15,Motion: moderate | Audio: normal
FLAG015,TRIP004,DRV210,2024-02-06 06:04:31,271,harsh_braking,medium,0.72,0.27,0.51,Hard acceleration detected (2.5 m/s² spike).,Motion: harsh_accel | Audio: normal
FLAG016,TRIP019,DRV045,2024-02-06 06:04:43,283,harsh_braking,low,0.66,0.15,0.43,Event: motion_score=0.66 audio_score=0.15,Motion: moderate | Audio: normal
FLAG017,TRIP020,DRV157,2024-02-06 06:04:49,289,harsh_braking,medium,0.74,0.23,0.51,Sudden deceleration detected (2.6 m/s² spike). Traffic stop.,Motion: harsh_brake | Audio: normal
FLAG018,TRIP027,DRV136,2024-02-06 06:04:59,299,moderate_brake,medium,0.65,0.41,0.54,Moderate motion event (2.3 m/s²) with audio evidence (score=0.41).,Motion: moderate | Audio: normal
FLAG019,TRIP007,DRV095,2024-02-06 06:05:21,321,harsh_braking,low,0.55,0.27,0.42,Event: motion_score=0.55 audio_score=0.27,Motion: moderate | Audio: normal
FLAG020,TRIP025,DRV188,2024-02-06 06:06:47,407,moderate_brake,low,0.36,0.33,0.35,Event: motion_score=0.36 audio_score=0.33,Motion: normal | Audio: very_loud
FLAG021,TRIP019,DRV045,2024-02-06 06:06:58,418,moderate_brake,medium,0.58,0.41,0.5,Moderate motion event (2.0 m/s²) with audio evidence (score=0.41).,Motion: moderate | Audio: normal
FLAG022,TRIP017,DRV144,2024-02-06 06:07:34,454,sustained_stress,medium,0.62,0.35,0.5,Continued elevated audio (64 dB) with moderate motion disturbance.,Motion: moderate | Audio: very_loud
FLAG023,TRIP018,DRV161,2024-02-06 06:07:42,462,sustained_stress,high,0.7,0.61,0.66,Continued elevated audio (76 dB) with moderate motion disturbance.,Motion: moderate | Audio: very_loud
FLAG024,TRIP018,DRV161,2024-02-06 06:07:43,463,harsh_braking,high,0.84,0.43,0.66,Hard acceleration detected (3.0 m/s² spike).,Motion: harsh_accel | Audio: normal
FLAG025,TRIP015,DRV111,2024-02-06 06:07:54,474,audio_spike,medium,0.46,0.68,0.56,Elevated cabin audio (84 dB) detected.,Motion: moderate | Audio: argument
FLAG026,TRIP002,DRV188,2024-02-06 06:08:00,480,audio_spike,high,0.57,0.83,0.69,Elevated cabin audio (95 dB) detected.,Motion: moderate | Audio: argument
FLAG027,TRIP014,DRV032,2024-02-06 06:08:04,484,harsh_braking,high,0.86,0.41,0.66,Hard acceleration detected (3.0 m/s² spike).,Motion: harsh_accel | Audio: normal
FLAG028,TRIP120,DRV016,2024-02-06 06:08:22,502,moderate_brake,low,0.38,0.27,0.33,Event: motion_score=0.38 audio_score=0.27,Motion: normal | Audio: normal
FLAG029,TRIP008,DRV050,2024-02-06 06:08:24,504,sustained_stress,medium,0.69,0.17,0.46,Continued elevated audio (53 dB) with moderate motion disturbance.,Motion: moderate | Audio: very_loud
FLAG030,TRIP030,DRV150,2024-02-06 06:08:31,511,conflict_moment,low,0.49,0.13,0.33,Event: motion_score=0.49 audio_score=0.13,Motion: moderate | Audio: normal
FLAG031,TRIP016,DRV067,2024-02-06 06:08:39,519,harsh_braking,medium,0.78,0.41,0.62,Hard acceleration detected (2.7 m/s² spike).,Motion: harsh_accel | Audio: normal
FLAG032,TRIP025,DRV188,2024-02-06 06:09:07,547,sustained_stress,medium,0.69,0.33,0.53,Continued elevated audio (62 dB) with moderate motion disturbance.,Motion: moderate | Audio: very_loud
FLAG033,TRIP009,DRV070,2024-02-06 06:09:26,566,audio_spike,high,0.46,0.86,0.64,Elevated cabin audio (90 dB) detected.,Motion: moderate | Audio: argument
FLAG034,TRIP006,DRV077,2024-02-06 06:09:29,569,audio_spike,high,0.57,0.83,0.69,Elevated cabin audio (95 dB) detected.,Motion: moderate | Audio: argument
FLAG035,TRIP180,DRV175,2024-02-06 06:09:29,569,conflict_moment,high,0.86,0.58,0.73,Combined signal: motion + audio events detected in trip. Sudden deceleration detected (3.0 m/s² spike). Audio elevated.,Motion: harsh_brake | Audio: very_loud
FLAG036,TRIP025,DRV188,2024-02-06 06:09:40,580,harsh_braking,high,0.74,0.53,0.64,Hard acceleration detected (2.6 m/s² spike).,Motion: harsh_accel | Audio: elevated
FLAG037,TRIP180,DRV175,2024-02-06 06:09:59,599,sustained_stress,medium,0.54,0.58,0.56,Continued elevated audio (75 dB) with moderate motion disturbance.,Motion: moderate | Audio: very_loud
FLAG038,TRIP003,DRV003,2024-02-06 06:10:00,600,sustained_stress,medium,0.5,0.61,0.55,Continued elevated audio (75 dB) with moderate motion disturbance.,Motion: moderate | Audio: very_loud
FLAG039,TRIP060,DRV175,2024-02-06 06:10:03,603,harsh_braking,high,1.0,0.28,0.68,Hard acceleration detected (4.3 m/s² spike).,Motion: harsh_accel | Audio: very_loud
FLAG040,TRIP021,DRV142,2024-02-06 06:10:18,618,sustained_stress,low,0.4,0.41,0.41,Event: motion_score=0.4 audio_score=0.41,Motion: normal | Audio: normal
FLAG041,TRIP030,DRV150,2024-02-06 06:10:29,629,moderate_brake,medium,0.62,0.41,0.53,Moderate motion event (2.2 m/s²) with audio evidence (score=0.41).,Motion: moderate | Audio: normal
FLAG042,TRIP060,DRV175,2024-02-06 06:10:33,633,harsh_braking,high,1.0,0.28,0.68,Sudden deceleration detected (4.2 m/s² spike). Traffic stop.,Motion: harsh_brake | Audio: very_loud
FLAG043,TRIP012,DRV042,2024-02-06 06:11:09,669,moderate_brake,high,0.71,0.56,0.64,Moderate motion event (2.5 m/s²) with audio evidence (score=0.56).,Motion: moderate | Audio: elevated
FLAG044,TRIP017,DRV144,2024-02-06 06:11:17,677,moderate_brake,medium,0.69,0.54,0.62,Moderate motion event (2.4 m/s²) with audio evidence (score=0.54).,Motion: moderate | Audio: elevated
FLAG045,TRIP016,DRV067,2024-02-06 06:11:19,679,harsh_braking,high,0.82,0.41,0.64,Hard acceleration detected (2.9 m/s² spike).,Motion: harsh_accel | Audio: normal
FLAG046,TRIP001,DRV107,2024-02-06 06:12:00,720,audio_spike,high,0.64,0.71,0.67,Elevated cabin audio (86 dB) detected.,Motion: moderate | Audio: argument
FLAG047,TRIP023,DRV091,2024-02-06 06:12:02,722,harsh_braking,low,0.67,0.15,0.44,Event: motion_score=0.67 audio_score=0.15,Motion: moderate | Audio: normal
FLAG048,TRIP020,DRV157,2024-02-06 06:12:26,746,harsh_braking,high,0.82,0.41,0.64,Hard acceleration detected (2.9 m/s² spike).,Motion: harsh_accel | Audio: normal
FLAG049,TRIP001,DRV107,2024-02-06 06:12:48,768,moderate_brake,medium,0.61,0.43,0.53,Moderate motion event (2.1 m/s²) with audio evidence (score=0.43).,Motion: moderate | Audio: normal
FLAG050,TRIP008,DRV050,2024-02-06 06:13:03,783,harsh_braking,medium,0.73,0.52,0.63,Hard acceleration detected (2.5 m/s² spike).,Motion: harsh_accel | Audio: elevated
FLAG051,TRIP029,DRV106,2024-02-06 06:13:36,816,moderate_brake,medium,0.59,0.41,0.51,Moderate motion event (2.1 m/s²) with audio evidence (score=0.41).,Motion: moderate | Audio: normal
FLAG052,TRIP014,DRV032,2024-02-06 06:14:26,866,harsh_braking,high,0.89,0.41,0.67,Hard acceleration detected (3.1 m/s² spike).,Motion: harsh_accel | Audio: normal
FLAG053,TRIP018,DRV161,2024-02-06 06:14:26,866,conflict_moment,high,0.88,0.82,0.85,Combined signal: Harsh acceleration (3.1 m/s²) + sustained high audio (93 dB). Potential argument.,Motion: harsh_accel | Audio: argument
FLAG054,TRIP018,DRV161,2024-02-06 06:14:44,884,conflict_moment,high,0.76,0.82,0.79,Combined signal: Harsh braking (2.7 m/s²) + sustained high audio (93 dB). Potential argument.,Motion: harsh_brake | Audio: argument
FLAG055,TRIP009,DRV070,2024-02-06 06:15:00,900,audio_spike,high,0.49,0.86,0.65,Elevated cabin audio (90 dB) detected.,Motion: moderate | Audio: argument
FLAG056,TRIP017,DRV144,2024-02-06 06:15:05,905,audio_spike,high,0.68,0.74,0.7,Elevated cabin audio (83 dB) detected.,Motion: moderate | Audio: argument
FLAG057,TRIP001,DRV107,2024-02-06 06:15:42,942,harsh_braking,high,0.88,0.43,0.68,Hard acceleration detected (3.1 m/s² spike).,Motion: harsh_accel | Audio: normal
FLAG058,TRIP008,DRV050,2024-02-06 06:15:44,944,moderate_brake,medium,0.64,0.52,0.59,Moderate motion event (2.3 m/s²) with audio evidence (score=0.52).,Motion: moderate | Audio: elevated
FLAG059,TRIP216,DRV012,2024-02-06 06:15:48,228,conflict_moment,low,0.47,0.27,0.38,Event: motion_score=0.47 audio_score=0.27,Motion: moderate | Audio: normal
FLAG060,TRIP027,DRV136,2024-02-06 06:15:51,951,harsh_braking,high,0.9,0.41,0.68,Hard acceleration detected (3.1 m/s² spike).,Motion: harsh_accel | Audio: normal
FLAG061,TRIP004,DRV210,2024-02-06 06:15:56,956,harsh_braking,high,0.89,0.49,0.71,Hard acceleration detected (3.1 m/s² spike).,Motion: harsh_accel | Audio: very_loud
FLAG062,TRIP010,DRV145,2024-02-06 06:15:59,959,audio_spike,high,0.63,0.93,0.77,Elevated cabin audio (93 dB) detected.,Motion: moderate | Audio: argument
FLAG063,TRIP024,DRV189,2024-02-06 06:15:59,959,moderate_brake,medium,0.6,0.3,0.47,Moderate motion event (2.1 m/s²). Normal traffic pattern.,Motion: moderate | Audio: normal
FLAG064,TRIP009,DRV070,2024-02-06 06:16:11,971,audio_spike,high,0.51,0.86,0.67,Elevated cabin audio (90 dB) detected.,Motion: moderate | Audio: argument
FLAG065,TRIP120,DRV016,2024-02-06 06:16:44,1004,conflict_moment,low,0.47,0.25,0.37,Event: motion_score=0.47 audio_score=0.25,Motion: moderate | Audio: normal
FLAG066,TRIP021,DRV142,2024-02-06 06:16:51,1011,moderate_brake,medium,0.64,0.41,0.54,Moderate motion event (2.2 m/s²) with audio evidence (score=0.41).,Motion: moderate | Audio: normal
FLAG067,TRIP026,DRV024,2024-02-06 06:17:03,1023,harsh_braking,low,0.61,0.14,0.4,Event: motion_score=0.61 audio_score=0.14,Motion: moderate | Audio: normal
FLAG068,TRIP015,DRV111,2024-02-06 06:17:11,1031,sustained_stress,medium,0.49,0.47,0.48,Continued elevated audio (71 dB) with moderate motion disturbance.,Motion: moderate | Audio: very_loud
FLAG069,TRIP017,DRV144,2024-02-06 06:17:19,1039,conflict_moment,high,0.77,0.66,0.72,Combined signal: Harsh acceleration (2.7 m/s²) + sustained high audio (81 dB). Potential argument.,Motion: harsh_accel | Audio: argument
FLAG070,TRIP005,DRV206,2024-02-06 06:17:19,1039,harsh_braking,low,0.52,0.27,0.41,Event: motion_score=0.52 audio_score=0.27,Motion: moderate | Audio: normal
FLAG071,TRIP012,DRV042,2024-02-06 06:17:27,1047,conflict_moment,high,0.75,0.88,0.81,Combined signal: Harsh acceleration (2.6 m/s²) + sustained high audio (97 dB). Potential argument.,Motion: harsh_accel | Audio: argument
FLAG072,TRIP016,DRV067,2024-02-06 06:17:54,1074,moderate_brake,medium,0.7,0.29,0.52,Moderate motion event (2.5 m/s²). Normal traffic pattern.,Motion: moderate | Audio: normal
FLAG073,TRIP025,DRV188,2024-02-06 06:18:06,1086,conflict_moment,high,0.64,0.93,0.77,Combined signal: motion + audio events detected in trip. Elevated cabin audio (96 dB) detected.,Motion: moderate | Audio: argument
FLAG074,TRIP012,DRV042,2024-02-06 06:18:06,1086,harsh_braking,medium,0.78,0.41,0.62,Hard acceleration detected (2.7 m/s² spike).,Motion: harsh_accel | Audio: normal
FLAG075,TRIP008,DRV050,2024-02-06 06:18:13,1093,conflict_moment,high,0.56,0.85,0.69,Combined signal: motion + audio events detected in trip. Elevated cabin audio (97 dB) detected.,Motion: moderate | Audio: argument
FLAG076,TRIP004,DRV210,2024-02-06 06:18:17,1097,harsh_braking,medium,0.72,0.49,0.61,Sudden deceleration detected (2.5 m/s² spike). Audio elevated.,Motion: harsh_brake | Audio: very_loud
FLAG077,TRIP030,DRV150,2024-02-06 06:18:32,1112,moderate_brake,medium,0.64,0.41,0.54,Moderate motion event (2.2 m/s²) with audio evidence (score=0.41).,Motion: moderate | Audio: normal
FLAG078,TRIP028,DRV189,2024-02-06 06:18:35,1115,harsh_braking,high,0.74,0.8,0.77,Hard acceleration detected (2.6 m/s² spike).,Motion: harsh_accel | Audio: normal
FLAG079,TRIP005,DRV206,2024-02-06 06:18:51,1131,moderate_brake,medium,0.67,0.41,0.56,Moderate motion event (2.4 m/s²) with audio evidence (score=0.41).,Motion: moderate | Audio: normal
FLAG080,TRIP006,DRV077,2024-02-06 06:19:08,1148,moderate_brake,medium,0.48,0.56,0.52,Moderate motion event (1.7 m/s²) with audio evidence (score=0.56).,Motion: moderate | Audio: elevated
FLAG081,TRIP216,DRV012,2024-02-06 06:19:36,456,sustained_stress,medium,0.58,0.59,0.58,Continued elevated audio (77 dB) with moderate motion disturbance.,Motion: moderate | Audio: very_loud
FLAG082,TRIP028,DRV189,2024-02-06 06:19:38,1178,conflict_moment,high,0.69,0.86,0.76,Combined signal: motion + audio events detected in trip. Elevated cabin audio (97 dB) detected.,Motion: moderate | Audio: argument
FLAG083,TRIP001,DRV107,2024-02-06 06:19:49,1189,audio_spike,high,0.64,0.65,0.65,Elevated cabin audio (80 dB) detected.,Motion: moderate | Audio: argument
FLAG084,TRIP007,DRV095,2024-02-06 06:20:20,1220,sustained_stress,medium,0.57,0.46,0.52,Continued elevated audio (68 dB) with moderate motion disturbance.,Motion: moderate | Audio: very_loud
FLAG085,TRIP005,DRV206,2024-02-06 06:20:21,1221,moderate_brake,medium,0.61,0.41,0.52,Moderate motion event (2.1 m/s²) with audio evidence (score=0.41).,Motion: moderate | Audio: normal
FLAG086,TRIP014,DRV032,2024-02-06 06:20:35,1235,harsh_braking,high,0.88,0.41,0.67,Sudden deceleration detected (3.1 m/s² spike). Audio elevated.,Motion: harsh_brake | Audio: normal
FLAG087,TRIP013,DRV096,2024-02-06 06:21:06,1266,moderate_brake,medium,0.69,0.41,0.57,Moderate motion event (2.4 m/s²) with audio evidence (score=0.41).,Motion: moderate | Audio: normal
FLAG088,TRIP012,DRV042,2024-02-06 06:21:08,1268,harsh_braking,medium,0.74,0.31,0.54,Sudden deceleration detected (2.6 m/s² spike). Audio elevated.,Motion: harsh_brake | Audio: normal
FLAG089,TRIP096,DRV041,2024-02-06 06:21:08,548,moderate_brake,low,0.38,0.24,0.32,Event: motion_score=0.38 audio_score=0.24,Motion: normal | Audio: normal
FLAG090,TRIP028,DRV189,2024-02-06 06:21:11,1271,audio_spike,high,0.57,0.86,0.7,Elevated cabin audio (97 dB) detected.,Motion: moderate | Audio: argument
FLAG091,TRIP025,DRV188,2024-02-06 06:21:20,1280,audio_spike,high,0.61,0.93,0.75,Elevated cabin audio (96 dB) detected.,Motion: moderate | Audio: argument
FLAG092,TRIP022,DRV048,2024-02-06 06:21:25,1285,conflict_moment,high,0.72,0.91,0.81,Combined signal: Harsh acceleration (2.5 m/s²) + sustained high audio (96 dB). Potential argument.,Motion: harsh_accel | Audio: argument
FLAG093,TRIP096,DRV041,2024-02-06 06:21:38,578,conflict_moment,low,0.4,0.24,0.33,Event: motion_score=0.4 audio_score=0.24,Motion: normal | Audio: normal
FLAG094,TRIP027,DRV136,2024-02-06 06:21:41,1301,harsh_braking,high,0.91,0.41,0.68,Hard acceleration detected (3.2 m/s² spike).,Motion: harsh_accel | Audio: normal
FLAG095,TRIP009,DRV070,2024-02-06 06:21:53,1313,sustained_stress,medium,0.58,0.45,0.52,Continued elevated audio (66 dB) with moderate motion disturbance.,Motion: moderate | Audio: very_loud
FLAG096,TRIP022,DRV048,2024-02-06 06:23:23,1403,conflict_moment,high,0.75,0.91,0.82,Combined signal: Harsh acceleration (2.6 m/s²) + sustained high audio (96 dB). Potential argument.,Motion: harsh_accel | Audio: argument
FLAG097,TRIP026,DRV024,2024-02-06 06:23:36,1416,moderate_brake,medium,0.71,0.4,0.57,Moderate motion event (2.5 m/s²) with audio evidence (score=0.4).,Motion: moderate | Audio: normal
FLAG098,TRIP013,DRV096,2024-02-06 06:23:52,1432,harsh_braking,medium,0.78,0.41,0.61,Hard acceleration detected (2.7 m/s² spike).,Motion: harsh_accel | Audio: normal
FLAG099,TRIP026,DRV024,2024-02-06 06:23:56,1436,harsh_braking,medium,0.74,0.4,0.59,Hard acceleration detected (2.6 m/s² spike).,Motion: harsh_accel | Audio: normal
FLAG100,TRIP003,DRV003,2024-02-06 06:24:30,1470,audio_spike,medium,0.47,0.8,0.62,Elevated cabin audio (90 dB) detected.,Motion: moderate | Audio: argument
FLAG101,TRIP013,DRV096,2024-02-06 06:25:13,1513,harsh_braking,medium,0.74,0.41,0.59,Sudden deceleration detected (2.6 m/s² spike). Audio elevated.,Motion: harsh_brake | Audio: normal
FLAG102,TRIP021,DRV142,2024-02-06 06:25:25,1525,moderate_brake,medium,0.6,0.41,0.52,Moderate motion event (2.1 m/s²) with audio evidence (score=0.41).,Motion: moderate | Audio: normal
FLAG103,TRIP007,DRV095,2024-02-06 06:25:31,1531,harsh_braking,low,0.5,0.28,0.4,Event: motion_score=0.5 audio_score=0.28,Motion: moderate | Audio: normal
FLAG104,TRIP003,DRV003,2024-02-06 06:25:52,1552,audio_spike,medium,0.46,0.82,0.62,Elevated cabin audio (93 dB) detected.,Motion: moderate | Audio: argument
FLAG105,TRIP022,DRV048,2024-02-06 06:26:06,1566,conflict_moment,high,0.76,0.98,0.86,Combined signal: Harsh braking (2.7 m/s²) + sustained high audio (96 dB). Potential argument.,Motion: harsh_brake | Audio: argument
FLAG106,TRIP024,DRV189,2024-02-06 06:27:35,1655,harsh_braking,high,0.87,0.52,0.71,Hard acceleration detected (3.0 m/s² spike).,Motion: harsh_accel | Audio: elevated
FLAG107,TRIP018,DRV161,2024-02-06 06:28:12,1692,audio_spike,low,0.26,0.53,0.38,Event: motion_score=0.26 audio_score=0.53,Motion: normal | Audio: elevated
FLAG108,TRIP024,DRV189,2024-02-06 06:28:21,1701,conflict_moment,high,0.89,0.52,0.72,Combined signal: motion + audio events detected in trip. Hard acceleration detected (3.1 m/s² spike).,Motion: harsh_accel | Audio: elevated
FLAG109,TRIP022,DRV048,2024-02-06 06:28:52,1732,audio_spike,high,0.6,0.98,0.77,Elevated cabin audio (96 dB) detected.,Motion: moderate | Audio: argument
FLAG110,TRIP011,DRV112,2024-02-06 06:29:04,1744,moderate_brake,medium,0.62,0.41,0.53,Moderate motion event (2.2 m/s²) with audio evidence (score=0.41).,Motion: moderate | Audio: normal
FLAG111,TRIP011,DRV112,2024-02-06 06:29:24,1764,moderate_brake,medium,0.61,0.41,0.52,Moderate motion event (2.1 m/s²) with audio evidence (score=0.41).,Motion: moderate | Audio: normal
FLAG112,TRIP026,DRV024,2024-02-06 06:29:57,1797,harsh_braking,high,0.85,0.41,0.65,Hard acceleration detected (3.0 m/s² spike).,Motion: harsh_accel | Audio: normal
FLAG113,TRIP192,DRV191,2024-02-06 06:34:40,640,audio_spike,low,0.2,0.38,0.28,Event: motion_score=0.2 audio_score=0.38,Motion: normal | Audio: normal
FLAG114,TRIP072,DRV060,2024-02-06 06:35:50,710,harsh_braking,high,1.0,0.49,0.77,Hard acceleration detected (3.9 m/s² spike).,Motion: harsh_accel | Audio: very_loud
FLAG115,TRIP072,DRV060,2024-02-06 06:36:20,740,harsh_braking,high,1.0,0.49,0.77,Sudden deceleration detected (3.9 m/s² spike). Audio elevated.,Motion: harsh_brake | Audio: very_loud
FLAG116,TRIP048,DRV001,2024-02-06 06:39:55,235,conflict_moment,low,0.4,0.28,0.35,Event: motion_score=0.4 audio_score=0.28,Motion: normal | Audio: normal
FLAG117,TRIP168,DRV107,2024-02-06 06:40:47,287,conflict_moment,low,0.45,0.26,0.37,Event: motion_score=0.45 audio_score=0.26,Motion: moderate | Audio: normal
FLAG118,TRIP168,DRV107,2024-02-06 06:41:17,317,moderate_brake,medium,0.69,0.26,0.49,Moderate motion event (2.4 m/s²). Normal traffic pattern.,Motion: moderate | Audio: normal
FLAG119,TRIP108,DRV202,2024-02-06 06:43:45,465,conflict_moment,low,0.45,0.27,0.37,Event: motion_score=0.45 audio_score=0.27,Motion: moderate | Audio: normal
FLAG120,TRIP048,DRV001,2024-02-06 06:43:51,471,sustained_stress,medium,0.49,0.62,0.55,Continued elevated audio (76 dB) with moderate motion disturbance.,Motion: moderate | Audio: very_loud
FLAG121,TRIP132,DRV170,2024-02-06 06:45:00,1260,conflict_moment,low,0.43,0.15,0.3,Event: motion_score=0.43 audio_score=0.15,Motion: normal | Audio: normal
FLAG122,TRIP132,DRV170,2024-02-06 06:46:42,1362,sustained_stress,medium,0.68,0.47,0.58,Continued elevated audio (72 dB) with moderate motion disturbance.,Motion: moderate | Audio: very_loud
FLAG123,TRIP108,DRV202,2024-02-06 06:52:01,961,harsh_braking,medium,0.75,0.3,0.55,Hard acceleration detected (2.6 m/s² spike).,Motion: harsh_accel | Audio: very_loud
FLAG124,TRIP204,DRV075,2024-02-06 06:53:16,316,harsh_braking,low,0.55,0.3,0.44,Event: motion_score=0.55 audio_score=0.3,Motion: moderate | Audio: normal
FLAG125,TRIP108,DRV202,2024-02-06 06:53:25,1045,sustained_stress,medium,0.51,0.58,0.54,Continued elevated audio (76 dB) with moderate motion disturbance.,Motion: moderate | Audio: very_loud
FLAG126,TRIP168,DRV107,2024-02-06 06:54:29,1109,sustained_stress,medium,0.48,0.59,0.53,Continued elevated audio (76 dB) with moderate motion disturbance.,Motion: moderate | Audio: very_loud
FLAG127,TRIP084,DRV112,2024-02-06 06:55:02,422,conflict_moment,low,0.46,0.25,0.37,Event: motion_score=0.46 audio_score=0.25,Motion: moderate | Audio: normal
FLAG128,TRIP204,DRV075,2024-02-06 06:58:33,633,conflict_moment,high,0.69,0.63,0.66,Combined signal: motion + audio events detected in trip. Continued elevated audio (77 dB) with moderate motion disturbance.,Motion: moderate | Audio: very_loud
FLAG129,TRIP084,DRV112,2024-02-06 07:02:05,845,moderate_brake,medium,0.59,0.56,0.58,Moderate motion event (2.1 m/s²) with audio evidence (score=0.56).,Motion: moderate | Audio: elevated
FLAG130,TRIP144,DRV042,2024-02-06 07:08:00,1200,audio_spike,low,0.17,0.41,0.27,Event: motion_score=0.17 audio_score=0.41,Motion: normal | Audio: normal
FLAG131,TRIP061,DRV148,2024-02-06 07:14:15,435,conflict_moment,low,0.41,0.26,0.34,Event: motion_score=0.41 audio_score=0.26,Motion: normal | Audio: normal
FLAG132,TRIP002,DRV188,2024-02-06 07:16:00,60,harsh_braking,medium,0.73,0.29,0.54,Hard acceleration detected (2.6 m/s² spike).,Motion: harsh_accel | Audio: normal
FLAG133,TRIP181,DRV133,2024-02-06 07:19:40,760,audio_spike,low,0.18,0.41,0.28,Event: motion_score=0.18 audio_score=0.41,Motion: normal | Audio: normal
FLAG134,TRIP157,DRV156,2024-02-06 07:20:53,113,moderate_brake,low,0.48,0.31,0.4,Moderate motion event (1.7 m/s²) with audio evidence (score=0.31).,Motion: moderate | Audio: normal
FLAG135,TRIP061,DRV148,2024-02-06 07:21:30,870,sustained_stress,low,0.51,0.29,0.41,Continued elevated audio (59 dB) with moderate motion disturbance.,Motion: moderate | Audio: very_loud
FLAG136,TRIP002,DRV188,2024-02-06 07:22:30,450,conflict_moment,high,1.0,0.86,0.94,Combined signal: Harsh acceleration (7.8 m/s²) + sustained high audio (92 dB). Potential argument.,Motion: harsh_accel | Audio: argument
FLAG137,TRIP157,DRV156,2024-02-06 07:22:46,226,audio_spike,high,0.61,0.85,0.72,Elevated cabin audio (88 dB) detected.,Motion: moderate | Audio: argument
FLAG138,TRIP002,DRV188,2024-02-06 07:23:00,480,conflict_moment,high,1.0,0.91,0.96,Combined signal: Harsh braking (7.6 m/s²) + sustained high audio (95 dB). Potential argument.,Motion: harsh_brake | Audio: argument
FLAG139,TRIP002,DRV188,2024-02-06 07:23:30,510,conflict_moment,high,1.0,0.93,0.97,Combined signal: Harsh braking (5.7 m/s²) + sustained high audio (94 dB). Potential argument.,Motion: harsh_brake | Audio: argument
FLAG140,TRIP037,DRV049,2024-02-06 07:24:27,327,harsh_braking,medium,0.78,0.29,0.56,Hard acceleration detected (2.7 m/s² spike).,Motion: harsh_accel | Audio: normal
FLAG141,TRIP037,DRV049,2024-02-06 07:29:55,655,conflict_moment,high,1.0,0.87,0.94,Combined signal: Harsh acceleration (3.7 m/s²) + sustained high audio (96 dB). Potential argument.,Motion: harsh_accel | Audio: argument
FLAG142,TRIP037,DRV049,2024-02-06 07:30:25,685,conflict_moment,high,1.0,0.87,0.94,Combined signal: Harsh braking (3.6 m/s²) + sustained high audio (96 dB). Potential argument.,Motion: harsh_brake | Audio: argument
FLAG143,TRIP073,DRV031,2024-02-06 07:39:01,481,moderate_brake,medium,0.6,0.26,0.45,Moderate motion event (2.1 m/s²). Normal traffic pattern.,Motion: moderate | Audio: normal
FLAG144,TRIP073,DRV031,2024-02-06 07:39:31,511,harsh_braking,low,0.57,0.26,0.43,Event: motion_score=0.57 audio_score=0.26,Motion: moderate | Audio: normal
FLAG145,TRIP097,DRV099,2024-02-06 07:40:34,1294,sustained_stress,medium,0.61,0.61,0.61,Continued elevated audio (80 dB) with moderate motion disturbance.,Motion: moderate | Audio: very_loud
FLAG146,TRIP097,DRV099,2024-02-06 07:41:04,1324,harsh_braking,high,0.88,0.61,0.76,Hard acceleration detected (3.1 m/s² spike).,Motion: harsh_accel | Audio: very_loud
FLAG147,TRIP217,DRV094,2024-02-06 07:41:40,1360,audio_spike,low,0.17,0.4,0.27,Event: motion_score=0.17 audio_score=0.4,Motion: normal | Audio: normal
FLAG148,TRIP049,DRV002,2024-02-06 07:44:08,68,harsh_braking,high,1.0,0.31,0.69,Hard acceleration detected (3.9 m/s² spike).,Motion: harsh_accel | Audio: very_loud
FLAG149,TRIP133,DRV179,2024-02-06 07:46:20,920,audio_spike,low,0.2,0.38,0.28,Event: motion_score=0.2 audio_score=0.38,Motion: normal | Audio: normal
FLAG150,TRIP109,DRV003,2024-02-06 07:49:39,399,harsh_braking,high,1.0,0.48,0.77,Hard acceleration detected (3.9 m/s² spike).,Motion: harsh_accel | Audio: very_loud
FLAG151,TRIP109,DRV003,2024-02-06 07:50:09,429,harsh_braking,high,1.0,0.48,0.77,Sudden deceleration detected (3.8 m/s² spike). Audio elevated.,Motion: harsh_brake | Audio: very_loud
FLAG152,TRIP049,DRV002,2024-02-06 07:50:32,452,conflict_moment,high,0.83,0.6,0.72,Combined signal: motion + audio events detected in trip. Sudden deceleration detected (2.9 m/s² spike). Audio elevated.,Motion: harsh_brake | Audio: very_loud
FLAG153,TRIP049,DRV002,2024-02-06 07:51:02,482,sustained_stress,medium,0.54,0.6,0.56,Continued elevated audio (78 dB) with moderate motion disturbance.,Motion: moderate | Audio: very_loud
FLAG154,TRIP169,DRV047,2024-02-06 07:52:16,556,harsh_braking,low,0.53,0.27,0.42,Event: motion_score=0.53 audio_score=0.27,Motion: moderate | Audio: normal
FLAG155,TRIP085,DRV133,2024-02-06 08:05:11,611,conflict_moment,low,0.46,0.27,0.38,Event: motion_score=0.46 audio_score=0.27,Motion: moderate | Audio: normal
FLAG156,TRIP086,DRV034,2024-02-06 08:05:51,231,moderate_brake,low,0.38,0.26,0.32,Event: motion_score=0.38 audio_score=0.26,Motion: normal | Audio: normal
FLAG157,TRIP145,DRV074,2024-02-06 08:06:58,718,moderate_brake,low,0.37,0.28,0.33,Event: motion_score=0.37 audio_score=0.28,Motion: normal | Audio: normal
FLAG158,TRIP086,DRV034,2024-02-06 08:09:42,462,audio_spike,medium,0.46,0.76,0.59,Elevated cabin audio (87 dB) detected.,Motion: moderate | Audio: argument
FLAG159,TRIP086,DRV034,2024-02-06 08:10:12,492,conflict_moment,high,0.73,0.76,0.74,Combined signal: Harsh acceleration (2.6 m/s²) + sustained high audio (87 dB). Potential argument.,Motion: harsh_accel | Audio: argument
FLAG160,TRIP146,DRV039,2024-02-06 08:11:02,542,conflict_moment,low,0.43,0.27,0.36,Event: motion_score=0.43 audio_score=0.27,Motion: moderate | Audio: normal
FLAG161,TRIP003,DRV003,2024-02-06 08:15:00,1380,moderate_brake,low,0.31,0.25,0.29,Event: motion_score=0.31 audio_score=0.25,Motion: normal | Audio: normal
FLAG162,TRIP085,DRV133,2024-02-06 08:15:23,1223,sustained_stress,medium,0.58,0.63,0.61,Continued elevated audio (79 dB) with moderate motion disturbance.,Motion: moderate | Audio: very_loud
FLAG163,TRIP145,DRV074,2024-02-06 08:18:56,1436,sustained_stress,medium,0.44,0.65,0.54,Continued elevated audio (81 dB) with moderate motion disturbance.,Motion: moderate | Audio: very_loud
FLAG164,TRIP122,DRV161,2024-02-06 08:19:04,304,harsh_braking,low,0.47,0.29,0.39,Event: motion_score=0.47 audio_score=0.29,Motion: moderate | Audio: normal
FLAG165,TRIP146,DRV039,2024-02-06 08:20:04,1084,moderate_brake,medium,0.53,0.56,0.54,Moderate motion event (1.8 m/s²) with audio evidence (score=0.56).,Motion: moderate | Audio: elevated
FLAG166,TRIP086,DRV034,2024-02-06 08:24:01,1321,harsh_braking,low,0.57,0.26,0.43,Event: motion_score=0.57 audio_score=0.26,Motion: moderate | Audio: normal
FLAG167,TRIP122,DRV161,2024-02-06 08:24:39,639,conflict_moment,high,0.77,0.73,0.75,Combined signal: Harsh acceleration (2.7 m/s²) + sustained high audio (83 dB). Potential argument.,Motion: harsh_accel | Audio: argument
FLAG168,TRIP098,DRV083,2024-02-06 08:29:59,239,moderate_brake,low,0.46,0.32,0.4,Moderate motion event (1.6 m/s²) with audio evidence (score=0.32).,Motion: moderate | Audio: normal
FLAG169,TRIP122,DRV161,2024-02-06 08:32:34,1114,audio_spike,high,0.51,0.97,0.72,Elevated cabin audio (97 dB) detected.,Motion: moderate | Audio: argument
FLAG170,TRIP122,DRV161,2024-02-06 08:33:04,1144,audio_spike,high,0.4,0.97,0.66,Elevated cabin audio (97 dB) detected.,Motion: normal | Audio: argument
FLAG171,TRIP098,DRV083,2024-02-06 08:33:58,478,harsh_braking,low,0.57,0.25,0.43,Event: motion_score=0.57 audio_score=0.25,Motion: moderate | Audio: normal
FLAG172,TRIP098,DRV083,2024-02-06 08:34:28,508,harsh_braking,medium,0.8,0.25,0.55,Hard acceleration detected (2.8 m/s² spike).,Motion: harsh_accel | Audio: normal
FLAG173,TRIP122,DRV161,2024-02-06 08:37:58,1438,sustained_stress,medium,0.65,0.6,0.63,Continued elevated audio (74 dB) with moderate motion disturbance.,Motion: moderate | Audio: very_loud
FLAG174,TRIP098,DRV083,2024-02-06 08:42:49,1009,sustained_stress,medium,0.55,0.49,0.52,Continued elevated audio (74 dB) with moderate motion disturbance.,Motion: moderate | Audio: very_loud
FLAG175,TRIP038,DRV088,2024-02-06 08:43:01,1021,sustained_stress,low,0.48,0.31,0.4,Continued elevated audio (59 dB) with moderate motion disturbance.,Motion: moderate | Audio: very_loud
FLAG176,TRIP062,DRV047,2024-02-06 08:43:10,1750,audio_spike,low,0.18,0.41,0.29,Event: motion_score=0.18 audio_score=0.41,Motion: normal | Audio: normal
FLAG177,TRIP134,DRV031,2024-02-06 08:43:10,310,moderate_brake,low,0.36,0.26,0.31,Event: motion_score=0.36 audio_score=0.26,Motion: normal | Audio: normal
FLAG178,TRIP038,DRV088,2024-02-06 08:43:31,1051,moderate_brake,low,0.46,0.31,0.39,Moderate motion event (1.6 m/s²) with audio evidence (score=0.31).,Motion: moderate | Audio: very_loud
FLAG179,TRIP218,DRV205,2024-02-06 08:46:25,1225,sustained_stress,medium,0.65,0.49,0.58,Continued elevated audio (74 dB) with moderate motion disturbance.,Motion: moderate | Audio: very_loud
FLAG180,TRIP218,DRV205,2024-02-06 08:46:55,1255,harsh_braking,high,0.91,0.49,0.72,Hard acceleration detected (3.2 m/s² spike).,Motion: harsh_accel | Audio: very_loud
FLAG181,TRIP134,DRV031,2024-02-06 08:48:21,621,sustained_stress,medium,0.43,0.64,0.53,Continued elevated audio (78 dB) with moderate motion disturbance.,Motion: moderate | Audio: very_loud
FLAG182,TRIP158,DRV205,2024-02-06 08:49:20,1400,audio_spike,low,0.2,0.38,0.28,Event: motion_score=0.2 audio_score=0.38,Motion: normal | Audio: normal
FLAG183,TRIP218,DRV205,2024-02-06 08:49:44,1424,moderate_brake,medium,0.61,0.55,0.59,Moderate motion event (2.1 m/s²) with audio evidence (score=0.55).,Motion: moderate | Audio: elevated
FLAG184,TRIP218,DRV205,2024-02-06 08:50:40,1480,audio_spike,low,0.23,0.57,0.38,Event: motion_score=0.23 audio_score=0.57,Motion: normal | Audio: elevated
FLAG185,TRIP050,DRV170,2024-02-06 08:52:46,166,conflict_moment,low,0.42,0.25,0.34,Event: motion_score=0.42 audio_score=0.25,Motion: normal | Audio: normal
FLAG186,TRIP170,DRV063,2024-02-06 08:56:30,390,harsh_braking,high,1.0,0.56,0.8,Hard acceleration detected (3.8 m/s² spike).,Motion: harsh_accel | Audio: elevated
FLAG187,TRIP170,DRV063,2024-02-06 08:57:00,420,harsh_braking,high,1.0,0.56,0.8,Sudden deceleration detected (3.8 m/s² spike). Audio elevated.,Motion: harsh_brake | Audio: elevated
FLAG188,TRIP110,DRV198,2024-02-06 09:01:21,681,harsh_braking,low,0.5,0.3,0.41,Event: motion_score=0.5 audio_score=0.3,Motion: moderate | Audio: normal
FLAG189,TRIP074,DRV128,2024-02-06 09:03:20,1520,audio_spike,low,0.16,0.39,0.27,Event: motion_score=0.16 audio_score=0.39,Motion: normal | Audio: normal
FLAG190,TRIP050,DRV170,2024-02-06 09:04:32,872,moderate_brake,medium,0.52,0.56,0.54,Moderate motion event (1.8 m/s²) with audio evidence (score=0.56).,Motion: moderate | Audio: elevated
FLAG191,TRIP207,DRV131,2024-02-06 09:10:51,111,sustained_stress,low,0.53,0.27,0.41,Continued elevated audio (55 dB) with moderate motion disturbance.,Motion: moderate | Audio: very_loud
FLAG192,TRIP207,DRV131,2024-02-06 09:11:21,141,harsh_braking,medium,0.83,0.27,0.58,Hard acceleration detected (2.9 m/s² spike).,Motion: harsh_accel | Audio: very_loud
FLAG193,TRIP110,DRV198,2024-02-06 09:12:42,1362,moderate_brake,medium,0.63,0.47,0.56,Moderate motion event (2.2 m/s²) with audio evidence (score=0.47).,Motion: moderate | Audio: elevated
FLAG194,TRIP147,DRV138,2024-02-06 09:16:00,420,audio_spike,low,0.21,0.41,0.3,Event: motion_score=0.21 audio_score=0.41,Motion: normal | Audio: normal
FLAG195,TRIP207,DRV131,2024-02-06 09:21:06,726,moderate_brake,medium,0.65,0.29,0.49,Moderate motion event (2.3 m/s²). Normal traffic pattern.,Motion: moderate | Audio: normal
FLAG196,TRIP207,DRV131,2024-02-06 09:21:36,756,harsh_braking,low,0.55,0.29,0.43,Event: motion_score=0.55 audio_score=0.29,Motion: moderate | Audio: normal
FLAG197,TRIP183,DRV106,2024-02-06 09:23:56,176,harsh_braking,low,0.5,0.29,0.41,Event: motion_score=0.5 audio_score=0.29,Motion: moderate | Audio: normal
FLAG198,TRIP063,DRV189,2024-02-06 09:25:00,240,harsh_braking,low,0.5,0.29,0.41,Event: motion_score=0.5 audio_score=0.29,Motion: moderate | Audio: normal
FLAG199,TRIP183,DRV106,2024-02-06 09:26:53,353,conflict_moment,high,0.64,0.76,0.7,Combined signal: motion + audio events detected in trip. Elevated cabin audio (83 dB) detected.,Motion: moderate | Audio: argument
FLAG200,TRIP063,DRV189,2024-02-06 09:29:01,481,conflict_moment,high,0.63,0.71,0.66,Combined signal: motion + audio events detected in trip. Elevated cabin audio (82 dB) detected.,Motion: moderate | Audio: argument
FLAG201,TRIP087,DRV011,2024-02-06 09:30:37,1297,conflict_moment,high,0.49,0.91,0.68,Combined signal: motion + audio events detected in trip. Elevated cabin audio (96 dB) detected.,Motion: moderate | Audio: argument
FLAG202,TRIP087,DRV011,2024-02-06 09:31:07,1327,audio_spike,high,0.47,0.91,0.67,Elevated cabin audio (96 dB) detected.,Motion: moderate | Audio: argument
FLAG203,TRIP087,DRV011,2024-02-06 09:32:13,1393,sustained_stress,medium,0.51,0.49,0.5,Continued elevated audio (74 dB) with moderate motion disturbance.,Motion: moderate | Audio: very_loud
FLAG204,TRIP087,DRV011,2024-02-06 09:32:43,1423,harsh_braking,medium,0.72,0.49,0.62,Hard acceleration detected (2.5 m/s² spike).,Motion: harsh_accel | Audio: very_loud
FLAG205,TRIP159,DRV025,2024-02-06 09:38:26,326,moderate_brake,low,0.34,0.27,0.3,Event: motion_score=0.34 audio_score=0.27,Motion: normal | Audio: normal
FLAG206,TRIP123,DRV126,2024-02-06 09:39:00,1080,audio_spike,low,0.22,0.39,0.3,Event: motion_score=0.22 audio_score=0.39,Motion: normal | Audio: normal
FLAG207,TRIP099,DRV004,2024-02-06 09:40:17,437,moderate_brake,low,0.44,0.31,0.39,Moderate motion event (1.6 m/s²) with audio evidence (score=0.31).,Motion: moderate | Audio: normal
FLAG208,TRIP159,DRV025,2024-02-06 09:43:52,652,audio_spike,medium,0.41,0.58,0.49,Event: motion_score=0.41 audio_score=0.58,Motion: normal | Audio: elevated
FLAG209,TRIP159,DRV025,2024-02-06 09:44:22,682,harsh_braking,high,0.76,0.58,0.68,Hard acceleration detected (2.6 m/s² spike).,Motion: harsh_accel | Audio: elevated
FLAG210,TRIP195,DRV160,2024-02-06 09:47:13,133,conflict_moment,low,0.42,0.31,0.37,Event: motion_score=0.42 audio_score=0.31,Motion: normal | Audio: normal
FLAG211,TRIP099,DRV004,2024-02-06 09:47:34,874,sustained_stress,medium,0.55,0.59,0.57,Continued elevated audio (77 dB) with moderate motion disturbance.,Motion: moderate | Audio: very_loud
FLAG212,TRIP159,DRV025,2024-02-06 09:48:01,901,sustained_stress,high,0.66,0.61,0.64,Continued elevated audio (75 dB) with moderate motion disturbance.,Motion: moderate | Audio: very_loud
FLAG213,TRIP195,DRV160,2024-02-06 09:49:26,266,moderate_brake,medium,0.51,0.58,0.54,Moderate motion event (1.8 m/s²) with audio evidence (score=0.58).,Motion: moderate | Audio: elevated
FLAG214,TRIP219,DRV133,2024-02-06 09:52:16,1156,harsh_braking,medium,0.72,0.24,0.51,Hard acceleration detected (2.5 m/s² spike).,Motion: harsh_accel | Audio: normal
FLAG215,TRIP219,DRV133,2024-02-06 09:52:32,1172,harsh_braking,medium,0.82,0.27,0.57,Hard acceleration detected (2.9 m/s² spike).,Motion: harsh_accel | Audio: normal
FLAG216,TRIP219,DRV133,2024-02-06 09:52:46,1186,moderate_brake,medium,0.66,0.27,0.49,Moderate motion event (2.3 m/s²). Normal traffic pattern.,Motion: moderate | Audio: normal
FLAG217,TRIP171,DRV048,2024-02-06 10:00:16,196,sustained_stress,medium,0.47,0.59,0.53,Continued elevated audio (76 dB) with moderate motion disturbance.,Motion: moderate | Audio: very_loud
FLAG218,TRIP111,DRV183,2024-02-06 10:00:24,204,moderate_brake,low,0.37,0.27,0.32,Event: motion_score=0.37 audio_score=0.27,Motion: normal | Audio: normal
FLAG219,TRIP171,DRV048,2024-02-06 10:00:46,226,sustained_stress,medium,0.47,0.59,0.52,Continued elevated audio (76 dB) with moderate motion disturbance.,Motion: moderate | Audio: very_loud
FLAG220,TRIP111,DRV183,2024-02-06 10:03:49,409,conflict_moment,low,0.44,0.27,0.37,Event: motion_score=0.44 audio_score=0.27,Motion: moderate | Audio: normal
FLAG221,TRIP112,DRV095,2024-02-06 10:07:13,193,harsh_braking,high,1.0,0.25,0.66,Hard acceleration detected (4.2 m/s² spike).,Motion: harsh_accel | Audio: normal
FLAG222,TRIP112,DRV095,2024-02-06 10:07:43,223,harsh_braking,high,1.0,0.25,0.66,Sudden deceleration detected (4.0 m/s² spike). Traffic stop.,Motion: harsh_brake | Audio: normal
FLAG223,TRIP172,DRV007,2024-02-06 10:09:12,312,sustained_stress,medium,0.57,0.5,0.54,Continued elevated audio (73 dB) with moderate motion disturbance.,Motion: moderate | Audio: very_loud
FLAG224,TRIP172,DRV007,2024-02-06 10:09:42,342,conflict_moment,high,1.0,0.5,0.78,Combined signal: motion + audio events detected in trip. Hard acceleration detected (4.6 m/s² spike).,Motion: harsh_accel | Audio: very_loud
FLAG225,TRIP171,DRV048,2024-02-06 10:16:00,1140,conflict_moment,low,0.44,0.14,0.3,Event: motion_score=0.44 audio_score=0.14,Motion: moderate | Audio: normal
FLAG226,TRIP088,DRV043,2024-02-06 10:17:25,85,conflict_moment,low,0.49,0.27,0.39,Event: motion_score=0.49 audio_score=0.27,Motion: moderate | Audio: normal
FLAG227,TRIP148,DRV024,2024-02-06 10:18:20,140,harsh_braking,high,1.0,0.61,0.82,Hard acceleration detected (3.7 m/s² spike).,Motion: harsh_accel | Audio: very_loud
FLAG228,TRIP171,DRV048,2024-02-06 10:18:22,1282,moderate_brake,medium,0.63,0.57,0.6,Moderate motion event (2.2 m/s²) with audio evidence (score=0.57).,Motion: moderate | Audio: elevated
FLAG229,TRIP148,DRV024,2024-02-06 10:18:50,170,harsh_braking,high,1.0,0.61,0.82,Sudden deceleration detected (3.7 m/s² spike). Audio elevated.,Motion: harsh_brake | Audio: very_loud
FLAG230,TRIP088,DRV043,2024-02-06 10:18:51,171,conflict_moment,high,0.61,0.9,0.74,Combined signal: motion + audio events detected in trip. Elevated cabin audio (88 dB) detected.,Motion: moderate | Audio: argument
FLAG231,TRIP172,DRV007,2024-02-06 10:20:11,971,harsh_braking,high,1.0,0.29,0.68,Sudden deceleration detected (4.6 m/s² spike). Traffic stop.,Motion: harsh_brake | Audio: very_loud
FLAG232,TRIP111,DRV183,2024-02-06 10:20:41,1421,audio_spike,high,0.54,0.88,0.69,Elevated cabin audio (97 dB) detected.,Motion: moderate | Audio: argument
FLAG233,TRIP172,DRV007,2024-02-06 10:20:41,1001,harsh_braking,high,1.0,0.29,0.68,Sudden deceleration detected (4.1 m/s² spike). Traffic stop.,Motion: harsh_brake | Audio: very_loud
FLAG234,TRIP111,DRV183,2024-02-06 10:21:11,1451,conflict_moment,high,0.78,0.88,0.83,Combined signal: Harsh acceleration (2.7 m/s²) + sustained high audio (97 dB). Potential argument.,Motion: harsh_accel | Audio: argument
FLAG235,TRIP208,DRV178,2024-02-06 10:29:42,822,sustained_stress,high,0.65,0.65,0.65,Continued elevated audio (79 dB) with moderate motion disturbance.,Motion: moderate | Audio: very_loud
FLAG236,TRIP124,DRV084,2024-02-06 10:29:43,103,moderate_brake,low,0.47,0.31,0.4,Moderate motion event (1.6 m/s²) with audio evidence (score=0.31).,Motion: moderate | Audio: normal
FLAG237,TRIP124,DRV084,2024-02-06 10:31:27,207,harsh_braking,low,0.59,0.26,0.44,Event: motion_score=0.59 audio_score=0.26,Motion: moderate | Audio: normal
FLAG238,TRIP064,DRV097,2024-02-06 10:31:51,231,moderate_brake,low,0.37,0.29,0.33,Event: motion_score=0.37 audio_score=0.29,Motion: normal | Audio: normal
FLAG239,TRIP208,DRV178,2024-02-06 10:34:00,1080,harsh_braking,medium,0.93,0.13,0.57,Hard acceleration detected (3.3 m/s² spike).,Motion: harsh_accel | Audio: normal
FLAG240,TRIP208,DRV178,2024-02-06 10:34:50,1130,conflict_moment,high,1.0,0.47,0.76,Combined signal: motion + audio events detected in trip. Hard acceleration detected (3.7 m/s² spike).,Motion: harsh_accel | Audio: very_loud
FLAG241,TRIP208,DRV178,2024-02-06 10:35:20,1160,harsh_braking,high,1.0,0.47,0.76,Hard acceleration detected (5.3 m/s² spike).,Motion: harsh_accel | Audio: very_loud
FLAG242,TRIP064,DRV097,2024-02-06 10:36:13,493,harsh_braking,high,0.83,0.58,0.72,Hard acceleration detected (2.9 m/s² spike).,Motion: harsh_accel | Audio: very_loud
FLAG243,TRIP064,DRV097,2024-02-06 10:46:56,1136,sustained_stress,medium,0.69,0.5,0.6,Continued elevated audio (73 dB) with moderate motion disturbance.,Motion: moderate | Audio: very_loud
FLAG244,TRIP064,DRV097,2024-02-06 10:47:26,1166,conflict_moment,high,0.96,0.5,0.75,Combined signal: motion + audio events detected in trip. Hard acceleration detected (3.3 m/s² spike).,Motion: harsh_accel | Audio: very_loud
FLAG245,TRIP040,DRV007,2024-02-06 10:50:20,620,audio_spike,low,0.19,0.38,0.27,Event: motion_score=0.19 audio_score=0.38,Motion: normal | Audio: normal
FLAG246,TRIP100,DRV013,2024-02-06 10:51:30,690,conflict_moment,low,0.44,0.28,0.37,Event: motion_score=0.44 audio_score=0.28,Motion: moderate | Audio: normal
FLAG247,TRIP220,DRV138,2024-02-06 10:51:40,700,audio_spike,low,0.23,0.37,0.3,Event: motion_score=0.23 audio_score=0.37,Motion: normal | Audio: normal
FLAG248,TRIP064,DRV097,2024-02-06 10:52:27,1467,harsh_braking,medium,0.72,0.5,0.62,Sudden deceleration detected (2.5 m/s² spike). Audio elevated.,Motion: harsh_brake | Audio: very_loud
FLAG249,TRIP160,DRV068,2024-02-06 10:53:35,815,harsh_braking,high,1.0,0.45,0.75,Hard acceleration detected (4.1 m/s² spike).,Motion: harsh_accel | Audio: elevated
FLAG250,TRIP160,DRV068,2024-02-06 10:54:05,845,harsh_braking,high,1.0,0.45,0.75,Sudden deceleration detected (4.1 m/s² spike). Audio elevated.,Motion: harsh_brake | Audio: elevated
FLAG251,TRIP076,DRV189,2024-02-06 11:00:05,485,moderate_brake,low,0.38,0.27,0.33,Event: motion_score=0.38 audio_score=0.27,Motion: normal | Audio: normal
FLAG252,TRIP196,DRV147,2024-02-06 11:01:00,540,audio_spike,low,0.22,0.37,0.29,Event: motion_score=0.22 audio_score=0.37,Motion: normal | Audio: normal
FLAG253,TRIP100,DRV013,2024-02-06 11:03:01,1381,sustained_stress,medium,0.56,0.61,0.58,Continued elevated audio (80 dB) with moderate motion disturbance.,Motion: moderate | Audio: very_loud
FLAG254,TRIP076,DRV189,2024-02-06 11:08:10,970,sustained_stress,medium,0.46,0.57,0.51,Continued elevated audio (75 dB) with moderate motion disturbance.,Motion: moderate | Audio: very_loud
FLAG255,TRIP113,DRV056,2024-02-06 11:18:42,462,harsh_braking,low,0.5,0.27,0.4,Event: motion_score=0.5 audio_score=0.27,Motion: moderate | Audio: normal
FLAG256,TRIP173,DRV096,2024-02-06 11:20:35,575,moderate_brake,low,0.46,0.32,0.39,Moderate motion event (1.6 m/s²) with audio evidence (score=0.32).,Motion: moderate | Audio: normal
FLAG257,TRIP113,DRV056,2024-02-06 11:26:25,925,conflict_moment,high,0.61,0.76,0.68,Combined signal: motion + audio events detected in trip. Elevated cabin audio (83 dB) detected.,Motion: moderate | Audio: argument
FLAG258,TRIP149,DRV134,2024-02-06 11:28:15,315,harsh_braking,high,1.0,0.28,0.68,Hard acceleration detected (4.2 m/s² spike).,Motion: harsh_accel | Audio: normal
FLAG259,TRIP149,DRV134,2024-02-06 11:28:45,345,harsh_braking,high,1.0,0.28,0.68,Sudden deceleration detected (4.1 m/s² spike). Traffic stop.,Motion: harsh_brake | Audio: normal
FLAG260,TRIP209,DRV198,2024-02-06 11:28:52,352,audio_spike,medium,0.48,0.79,0.62,Elevated cabin audio (87 dB) detected.,Motion: moderate | Audio: argument
FLAG261,TRIP209,DRV198,2024-02-06 11:29:22,382,conflict_moment,high,1.0,0.79,0.91,Combined signal: Harsh acceleration (4.3 m/s²) + sustained high audio (87 dB). Potential argument.,Motion: harsh_accel | Audio: argument
FLAG262,TRIP173,DRV096,2024-02-06 11:30:10,1150,sustained_stress,medium,0.57,0.6,0.58,Continued elevated audio (77 dB) with moderate motion disturbance.,Motion: moderate | Audio: very_loud
FLAG263,TRIP209,DRV198,2024-02-06 11:33:50,650,harsh_braking,high,1.0,0.28,0.68,Hard acceleration detected (4.3 m/s² spike).,Motion: harsh_accel | Audio: normal
FLAG264,TRIP209,DRV198,2024-02-06 11:35:29,749,moderate_brake,low,0.47,0.26,0.38,Moderate motion event (1.6 m/s²) with audio evidence (score=0.26).,Motion: moderate | Audio: very_loud
FLAG265,TRIP089,DRV078,2024-02-06 11:37:47,887,harsh_braking,high,1.0,0.26,0.67,Hard acceleration detected (4.0 m/s² spike).,Motion: harsh_accel | Audio: very_loud
FLAG266,TRIP125,DRV198,2024-02-06 11:38:36,216,conflict_moment,low,0.41,0.29,0.35,Event: motion_score=0.41 audio_score=0.29,Motion: normal | Audio: normal
FLAG267,TRIP125,DRV198,2024-02-06 11:42:12,432,audio_spike,medium,0.52,0.72,0.61,Elevated cabin audio (84 dB) detected.,Motion: moderate | Audio: argument
FLAG268,TRIP185,DRV178,2024-02-06 11:47:00,720,audio_spike,low,0.2,0.39,0.29,Event: motion_score=0.2 audio_score=0.39,Motion: normal | Audio: normal
FLAG269,TRIP089,DRV078,2024-02-06 11:47:54,1494,conflict_moment,high,0.84,0.76,0.8,Combined signal: Harsh braking (2.9 m/s²) + sustained high audio (87 dB). Potential argument.,Motion: harsh_brake | Audio: argument
FLAG270,TRIP089,DRV078,2024-02-06 11:48:24,1524,audio_spike,high,0.56,0.76,0.65,Elevated cabin audio (87 dB) detected.,Motion: moderate | Audio: argument
FLAG271,TRIP041,DRV118,2024-02-06 12:00:46,826,audio_spike,medium,0.17,0.79,0.45,Elevated cabin audio (87 dB) detected.,Motion: normal | Audio: argument
FLAG272,TRIP137,DRV021,2024-02-06 12:06:10,430,conflict_moment,low,0.47,0.25,0.37,Event: motion_score=0.47 audio_score=0.25,Motion: moderate | Audio: normal
FLAG273,TRIP101,DRV016,2024-02-06 12:08:20,1280,moderate_brake,low,0.21,0.33,0.27,Event: motion_score=0.21 audio_score=0.33,Motion: normal | Audio: normal
FLAG274,TRIP077,DRV206,2024-02-06 12:09:39,639,conflict_moment,low,0.45,0.25,0.36,Event: motion_score=0.45 audio_score=0.25,Motion: moderate | Audio: normal
FLAG275,TRIP197,DRV052,2024-02-06 12:11:18,738,moderate_brake,medium,0.5,0.57,0.53,Moderate motion event (1.8 m/s²) with audio evidence (score=0.57).,Motion: moderate | Audio: elevated
FLAG276,TRIP078,DRV194,2024-02-06 12:11:22,322,moderate_brake,low,0.53,0.32,0.43,Moderate motion event (1.8 m/s²) with audio evidence (score=0.32).,Motion: moderate | Audio: normal
FLAG277,TRIP197,DRV052,2024-02-06 12:11:48,768,harsh_braking,high,1.0,0.57,0.81,Hard acceleration detected (4.2 m/s² spike).,Motion: harsh_accel | Audio: elevated
FLAG278,TRIP137,DRV021,2024-02-06 12:13:20,860,harsh_braking,low,0.57,0.24,0.42,Event: motion_score=0.57 audio_score=0.24,Motion: moderate | Audio: normal
FLAG279,TRIP137,DRV021,2024-02-06 12:13:50,890,harsh_braking,low,0.58,0.24,0.43,Event: motion_score=0.58 audio_score=0.24,Motion: moderate | Audio: normal
FLAG280,TRIP078,DRV194,2024-02-06 12:16:44,644,sustained_stress,medium,0.66,0.59,0.63,Continued elevated audio (77 dB) with moderate motion disturbance.,Motion: moderate | Audio: very_loud
FLAG281,TRIP137,DRV021,2024-02-06 12:19:43,1243,sustained_stress,medium,0.42,0.58,0.49,Continued elevated audio (75 dB) with moderate motion disturbance.,Motion: normal | Audio: very_loud
FLAG282,TRIP054,DRV046,2024-02-06 12:19:44,104,conflict_moment,high,0.8,0.63,0.73,Combined signal: motion + audio events detected in trip. Hard acceleration detected (2.8 m/s² spike).,Motion: harsh_accel | Audio: very_loud
FLAG283,TRIP077,DRV206,2024-02-06 12:20:18,1278,sustained_stress,medium,0.56,0.58,0.57,Continued elevated audio (76 dB) with moderate motion disturbance.,Motion: moderate | Audio: very_loud
FLAG284,TRIP197,DRV052,2024-02-06 12:20:26,1286,harsh_braking,high,1.0,0.57,0.8,Sudden deceleration detected (4.2 m/s² spike). Audio elevated.,Motion: harsh_brake | Audio: elevated
FLAG285,TRIP197,DRV052,2024-02-06 12:20:56,1316,harsh_braking,high,1.0,0.57,0.8,Sudden deceleration detected (3.8 m/s² spike). Audio elevated.,Motion: harsh_brake | Audio: elevated
FLAG286,TRIP054,DRV046,2024-02-06 12:22:16,256,harsh_braking,medium,0.87,0.28,0.6,Hard acceleration detected (3.0 m/s² spike).,Motion: harsh_accel | Audio: very_loud
FLAG287,TRIP174,DRV085,2024-02-06 12:27:35,575,conflict_moment,low,0.48,0.28,0.39,Event: motion_score=0.48 audio_score=0.28,Motion: moderate | Audio: normal
FLAG288,TRIP198,DRV192,2024-02-06 12:30:49,1489,moderate_brake,medium,0.48,0.57,0.52,Moderate motion event (1.7 m/s²) with audio evidence (score=0.57).,Motion: moderate | Audio: elevated
FLAG289,TRIP054,DRV046,2024-02-06 12:35:11,1031,sustained_stress,medium,0.64,0.51,0.58,Continued elevated audio (74 dB) with moderate motion disturbance.,Motion: moderate | Audio: very_loud
FLAG290,TRIP054,DRV046,2024-02-06 12:35:41,1061,conflict_moment,low,0.52,0.15,0.35,Event: motion_score=0.52 audio_score=0.15,Motion: moderate | Audio: normal
FLAG291,TRIP174,DRV085,2024-02-06 12:37:11,1151,conflict_moment,high,0.61,0.74,0.67,Combined signal: motion + audio events detected in trip. Elevated cabin audio (84 dB) detected.,Motion: moderate | Audio: argument
FLAG292,TRIP126,DRV157,2024-02-06 12:43:00,60,moderate_brake,low,0.34,0.29,0.31,Event: motion_score=0.34 audio_score=0.29,Motion: normal | Audio: normal
FLAG293,TRIP126,DRV157,2024-02-06 12:43:54,114,audio_spike,medium,0.41,0.58,0.49,Event: motion_score=0.41 audio_score=0.58,Motion: normal | Audio: elevated
FLAG294,TRIP150,DRV179,2024-02-06 12:46:19,979,harsh_braking,high,1.0,0.29,0.68,Hard acceleration detected (3.8 m/s² spike).,Motion: harsh_accel | Audio: very_loud
FLAG295,TRIP150,DRV179,2024-02-06 12:46:49,1009,harsh_braking,high,1.0,0.29,0.68,Sudden deceleration detected (3.7 m/s² spike). Traffic stop.,Motion: harsh_brake | Audio: very_loud
FLAG296,TRIP210,DRV172,2024-02-06 12:47:27,1047,harsh_braking,low,0.55,0.26,0.42,Event: motion_score=0.55 audio_score=0.26,Motion: moderate | Audio: normal
FLAG297,TRIP186,DRV107,2024-02-06 12:47:44,344,audio_spike,low,0.18,0.51,0.33,Event: motion_score=0.18 audio_score=0.51,Motion: normal | Audio: very_loud
FLAG298,TRIP066,DRV135,2024-02-06 12:48:26,386,conflict_moment,low,0.43,0.29,0.37,Event: motion_score=0.43 audio_score=0.29,Motion: moderate | Audio: normal
FLAG299,TRIP066,DRV135,2024-02-06 12:54:53,773,audio_spike,high,0.54,0.76,0.64,Elevated cabin audio (82 dB) detected.,Motion: moderate | Audio: argument
FLAG300,TRIP102,DRV183,2024-02-06 12:59:30,330,audio_spike,low,0.18,0.41,0.29,Event: motion_score=0.18 audio_score=0.41,Motion: normal | Audio: normal
FLAG301,TRIP162,DRV193,2024-02-06 13:02:15,495,sustained_stress,medium,0.51,0.61,0.55,Continued elevated audio (76 dB) with moderate motion disturbance.,Motion: moderate | Audio: very_loud
FLAG302,TRIP162,DRV193,2024-02-06 13:02:45,525,harsh_braking,high,1.0,0.61,0.82,Hard acceleration detected (4.3 m/s² spike).,Motion: harsh_accel | Audio: very_loud
FLAG303,TRIP139,DRV043,2024-02-06 13:16:22,202,harsh_braking,low,0.51,0.27,0.4,Event: motion_score=0.51 audio_score=0.27,Motion: moderate | Audio: normal
FLAG304,TRIP162,DRV193,2024-02-06 13:18:46,1486,conflict_moment,high,1.0,0.62,0.83,Combined signal: motion + audio events detected in trip. Hard acceleration detected (4.3 m/s² spike).,Motion: harsh_accel | Audio: very_loud
FLAG305,TRIP162,DRV193,2024-02-06 13:19:16,1516,harsh_braking,high,1.0,0.62,0.83,Sudden deceleration detected (4.1 m/s² spike). Audio elevated.,Motion: harsh_brake | Audio: very_loud
FLAG306,TRIP139,DRV043,2024-02-06 13:19:44,404,sustained_stress,high,0.66,0.64,0.65,Continued elevated audio (78 dB) with moderate motion disturbance.,Motion: moderate | Audio: very_loud
FLAG307,TRIP139,DRV043,2024-02-06 13:20:14,434,conflict_moment,high,0.86,0.64,0.76,Combined signal: motion + audio events detected in trip. Hard acceleration detected (3.0 m/s² spike).,Motion: harsh_accel | Audio: very_loud
FLAG308,TRIP139,DRV043,2024-02-06 13:22:43,583,moderate_brake,medium,0.65,0.58,0.62,Moderate motion event (2.3 m/s²) with audio evidence (score=0.58).,Motion: moderate | Audio: elevated
FLAG309,TRIP199,DRV035,2024-02-06 13:23:44,644,conflict_moment,low,0.47,0.27,0.38,Event: motion_score=0.47 audio_score=0.27,Motion: moderate | Audio: normal
FLAG310,TRIP139,DRV043,2024-02-06 13:27:29,869,conflict_moment,low,0.49,0.25,0.38,Event: motion_score=0.49 audio_score=0.25,Motion: moderate | Audio: normal
FLAG311,TRIP175,DRV046,2024-02-06 13:30:11,311,moderate_brake,low,0.45,0.31,0.39,Moderate motion event (1.6 m/s²) with audio evidence (score=0.31).,Motion: moderate | Audio: normal
FLAG312,TRIP199,DRV035,2024-02-06 13:34:28,1288,sustained_stress,medium,0.62,0.63,0.62,Continued elevated audio (82 dB) with moderate motion disturbance.,Motion: moderate | Audio: very_loud
FLAG313,TRIP175,DRV046,2024-02-06 13:35:22,622,sustained_stress,medium,0.58,0.28,0.45,Continued elevated audio (56 dB) with moderate motion disturbance.,Motion: moderate | Audio: very_loud
FLAG314,TRIP151,DRV001,2024-02-06 13:38:27,87,moderate_brake,medium,0.56,0.58,0.57,Moderate motion event (2.0 m/s²) with audio evidence (score=0.58).,Motion: moderate | Audio: elevated
FLAG315,TRIP151,DRV001,2024-02-06 13:38:57,117,harsh_braking,high,0.88,0.58,0.75,Hard acceleration detected (3.1 m/s² spike).,Motion: harsh_accel | Audio: elevated
FLAG316,TRIP115,DRV132,2024-02-06 13:40:00,900,audio_spike,low,0.17,0.41,0.28,Event: motion_score=0.17 audio_score=0.41,Motion: normal | Audio: normal
FLAG317,TRIP055,DRV074,2024-02-06 13:41:39,999,moderate_brake,medium,0.59,0.27,0.45,Moderate motion event (2.1 m/s²). Normal traffic pattern.,Motion: moderate | Audio: normal
FLAG318,TRIP055,DRV074,2024-02-06 13:42:09,1029,harsh_braking,low,0.55,0.27,0.42,Event: motion_score=0.55 audio_score=0.27,Motion: moderate | Audio: normal
FLAG319,TRIP151,DRV001,2024-02-06 13:44:55,475,sustained_stress,high,0.65,0.62,0.64,Continued elevated audio (78 dB) with moderate motion disturbance.,Motion: moderate | Audio: very_loud
FLAG320,TRIP091,DRV039,2024-02-06 13:50:00,780,audio_spike,low,0.18,0.38,0.27,Event: motion_score=0.18 audio_score=0.38,Motion: normal | Audio: normal
FLAG321,TRIP187,DRV084,2024-02-06 13:51:01,121,conflict_moment,low,0.44,0.28,0.37,Event: motion_score=0.44 audio_score=0.28,Motion: moderate | Audio: normal
FLAG322,TRIP187,DRV084,2024-02-06 13:53:02,242,sustained_stress,medium,0.54,0.63,0.58,Continued elevated audio (77 dB) with moderate motion disturbance.,Motion: moderate | Audio: very_loud
FLAG323,TRIP067,DRV153,2024-02-06 14:03:57,897,harsh_braking,high,1.0,0.27,0.67,Hard acceleration detected (4.3 m/s² spike).,Motion: harsh_accel | Audio: very_loud
FLAG324,TRIP067,DRV153,2024-02-06 14:04:27,927,harsh_braking,high,1.0,0.27,0.67,Sudden deceleration detected (4.2 m/s² spike). Traffic stop.,Motion: harsh_brake | Audio: very_loud
FLAG325,TRIP127,DRV108,2024-02-06 14:07:00,1080,audio_spike,low,0.21,0.37,0.28,Event: motion_score=0.21 audio_score=0.37,Motion: normal | Audio: normal
FLAG326,TRIP164,DRV017,2024-02-06 14:11:56,236,moderate_brake,low,0.34,0.27,0.31,Event: motion_score=0.34 audio_score=0.27,Motion: normal | Audio: normal
FLAG327,TRIP044,DRV131,2024-02-06 14:12:33,273,audio_spike,low,0.13,0.71,0.39,Elevated cabin audio (82 dB) detected.,Motion: normal | Audio: argument
FLAG328,TRIP104,DRV021,2024-02-06 14:15:35,455,conflict_moment,low,0.42,0.29,0.36,Event: motion_score=0.42 audio_score=0.29,Motion: normal | Audio: normal
FLAG329,TRIP164,DRV017,2024-02-06 14:15:52,472,sustained_stress,medium,0.42,0.48,0.45,Continued elevated audio (73 dB) with moderate motion disturbance.,Motion: normal | Audio: very_loud
FLAG330,TRIP104,DRV021,2024-02-06 14:23:11,911,sustained_stress,medium,0.5,0.5,0.5,Continued elevated audio (73 dB) with moderate motion disturbance.,Motion: moderate | Audio: very_loud
FLAG331,TRIP080,DRV172,2024-02-06 14:26:36,396,moderate_brake,medium,0.51,0.47,0.49,Moderate motion event (1.8 m/s²) with audio evidence (score=0.47).,Motion: moderate | Audio: elevated
FLAG332,TRIP080,DRV172,2024-02-06 14:27:06,426,harsh_braking,high,0.85,0.47,0.68,Hard acceleration detected (3.0 m/s² spike).,Motion: harsh_accel | Audio: elevated
FLAG333,TRIP080,DRV172,2024-02-06 14:29:34,574,harsh_braking,low,0.56,0.24,0.41,Event: motion_score=0.56 audio_score=0.24,Motion: moderate | Audio: normal
FLAG334,TRIP200,DRV136,2024-02-06 14:35:00,900,audio_spike,low,0.22,0.37,0.29,Event: motion_score=0.22 audio_score=0.37,Motion: normal | Audio: normal
FLAG335,TRIP116,DRV195,2024-02-06 14:37:09,309,harsh_braking,low,0.52,0.26,0.4,Event: motion_score=0.52 audio_score=0.26,Motion: moderate | Audio: normal
FLAG336,TRIP140,DRV086,2024-02-06 14:41:20,1280,audio_spike,low,0.16,0.41,0.27,Event: motion_score=0.16 audio_score=0.41,Motion: normal | Audio: normal
FLAG337,TRIP116,DRV195,2024-02-06 14:42:19,619,sustained_stress,medium,0.67,0.31,0.5,Continued elevated audio (59 dB) with moderate motion disturbance.,Motion: moderate | Audio: very_loud
FLAG338,TRIP056,DRV026,2024-02-06 14:46:40,880,audio_spike,low,0.15,0.41,0.27,Event: motion_score=0.15 audio_score=0.41,Motion: normal | Audio: normal
FLAG339,TRIP176,DRV102,2024-02-06 14:47:00,900,audio_spike,low,0.15,0.41,0.27,Event: motion_score=0.15 audio_score=0.41,Motion: normal | Audio: normal
FLAG340,TRIP092,DRV059,2024-02-06 14:50:08,368,conflict_moment,low,0.42,0.26,0.35,Event: motion_score=0.42 audio_score=0.26,Motion: normal | Audio: normal
FLAG341,TRIP032,DRV043,2024-02-06 14:50:47,407,conflict_moment,low,0.44,0.25,0.36,Event: motion_score=0.44 audio_score=0.25,Motion: moderate | Audio: normal
FLAG342,TRIP092,DRV059,2024-02-06 14:56:16,736,moderate_brake,medium,0.52,0.56,0.54,Moderate motion event (1.8 m/s²) with audio evidence (score=0.56).,Motion: moderate | Audio: elevated
FLAG343,TRIP032,DRV043,2024-02-06 14:57:35,815,moderate_brake,medium,0.54,0.57,0.55,Moderate motion event (1.9 m/s²) with audio evidence (score=0.57).,Motion: moderate | Audio: elevated
FLAG344,TRIP032,DRV043,2024-02-06 14:58:05,845,conflict_moment,high,0.73,0.6,0.67,Combined signal: motion + audio events detected in trip. Hard acceleration detected (2.5 m/s² spike).,Motion: harsh_accel | Audio: very_loud
FLAG345,TRIP032,DRV043,2024-02-06 14:58:08,848,sustained_stress,medium,0.5,0.6,0.55,Continued elevated audio (79 dB) with moderate motion disturbance.,Motion: moderate | Audio: very_loud
FLAG346,TRIP068,DRV182,2024-02-06 15:02:56,416,moderate_brake,low,0.46,0.29,0.39,Moderate motion event (1.6 m/s²) with audio evidence (score=0.29).,Motion: moderate | Audio: very_loud
FLAG347,TRIP189,DRV018,2024-02-06 15:04:19,79,harsh_braking,high,1.0,0.31,0.69,Hard acceleration detected (4.2 m/s² spike).,Motion: harsh_accel | Audio: very_loud
FLAG348,TRIP189,DRV018,2024-02-06 15:04:49,109,harsh_braking,high,1.0,0.31,0.69,Sudden deceleration detected (4.0 m/s² spike). Audio elevated.,Motion: harsh_brake | Audio: very_loud
FLAG349,TRIP188,DRV031,2024-02-06 15:11:30,930,moderate_brake,low,0.22,0.32,0.27,Event: motion_score=0.22 audio_score=0.32,Motion: normal | Audio: normal
FLAG350,TRIP188,DRV031,2024-02-06 15:16:40,1240,audio_spike,low,0.19,0.39,0.28,Event: motion_score=0.19 audio_score=0.39,Motion: normal | Audio: normal
FLAG351,TRIP129,DRV052,2024-02-06 15:21:30,1110,audio_spike,low,0.16,0.62,0.37,Event: motion_score=0.16 audio_score=0.62,Motion: normal | Audio: very_loud
FLAG352,TRIP069,DRV085,2024-02-06 15:22:00,1140,audio_spike,low,0.18,0.39,0.28,Event: motion_score=0.18 audio_score=0.39,Motion: normal | Audio: normal
FLAG353,TRIP105,DRV100,2024-02-06 15:23:11,491,moderate_brake,low,0.39,0.29,0.34,Event: motion_score=0.39 audio_score=0.29,Motion: normal | Audio: normal
FLAG354,TRIP081,DRV048,2024-02-06 15:28:10,70,audio_spike,high,0.48,0.87,0.66,Elevated cabin audio (96 dB) detected.,Motion: moderate | Audio: argument
FLAG355,TRIP081,DRV048,2024-02-06 15:28:40,100,conflict_moment,high,0.77,0.87,0.81,Combined signal: Harsh acceleration (2.7 m/s²) + sustained high audio (96 dB). Potential argument.,Motion: harsh_accel | Audio: argument
FLAG356,TRIP045,DRV177,2024-02-06 15:30:10,910,moderate_brake,medium,0.62,0.57,0.6,Moderate motion event (2.2 m/s²) with audio evidence (score=0.57).,Motion: moderate | Audio: elevated
FLAG357,TRIP141,DRV060,2024-02-06 15:30:59,239,moderate_brake,low,0.34,0.25,0.3,Event: motion_score=0.34 audio_score=0.25,Motion: normal | Audio: normal
FLAG358,TRIP105,DRV100,2024-02-06 15:31:23,983,conflict_moment,low,0.48,0.25,0.38,Event: motion_score=0.48 audio_score=0.25,Motion: moderate | Audio: normal
FLAG359,TRIP141,DRV060,2024-02-06 15:35:28,508,harsh_braking,high,0.79,0.62,0.71,Hard acceleration detected (2.8 m/s² spike).,Motion: harsh_accel | Audio: very_loud
FLAG360,TRIP165,DRV203,2024-02-06 15:36:04,1264,harsh_braking,high,1.0,0.62,0.83,Hard acceleration detected (4.0 m/s² spike).,Motion: harsh_accel | Audio: very_loud
FLAG361,TRIP081,DRV048,2024-02-06 15:36:10,550,sustained_stress,medium,0.61,0.6,0.6,Continued elevated audio (74 dB) with moderate motion disturbance.,Motion: moderate | Audio: very_loud
FLAG362,TRIP165,DRV203,2024-02-06 15:36:34,1294,harsh_braking,high,1.0,0.62,0.83,Sudden deceleration detected (4.0 m/s² spike). Audio elevated.,Motion: harsh_brake | Audio: very_loud
FLAG363,TRIP057,DRV168,2024-02-06 15:40:00,60,moderate_brake,low,0.52,0.31,0.43,Moderate motion event (1.8 m/s²) with audio evidence (score=0.31).,Motion: moderate | Audio: normal
FLAG364,TRIP057,DRV168,2024-02-06 15:40:40,100,sustained_stress,medium,0.65,0.31,0.5,Continued elevated audio (59 dB) with moderate motion disturbance.,Motion: moderate | Audio: very_loud
FLAG365,TRIP141,DRV060,2024-02-06 15:43:56,1016,sustained_stress,medium,0.69,0.48,0.6,Continued elevated audio (73 dB) with moderate motion disturbance.,Motion: moderate | Audio: very_loud
FLAG366,TRIP201,DRV060,2024-02-06 15:44:25,1045,harsh_braking,low,0.5,0.27,0.4,Event: motion_score=0.5 audio_score=0.27,Motion: moderate | Audio: normal
FLAG367,TRIP117,DRV032,2024-02-06 15:53:06,846,harsh_braking,high,1.0,0.57,0.81,Hard acceleration detected (4.4 m/s² spike).,Motion: harsh_accel | Audio: very_loud
FLAG368,TRIP093,DRV090,2024-02-06 15:53:15,135,conflict_moment,high,0.74,0.75,0.74,Combined signal: Harsh acceleration (2.6 m/s²) + sustained high audio (86 dB). Potential argument.,Motion: harsh_accel | Audio: argument
FLAG369,TRIP093,DRV090,2024-02-06 15:53:29,149,harsh_braking,medium,0.85,0.25,0.58,Hard acceleration detected (3.0 m/s² spike).,Motion: harsh_accel | Audio: normal
FLAG370,TRIP117,DRV032,2024-02-06 15:53:36,876,harsh_braking,high,1.0,0.57,0.81,Sudden deceleration detected (4.2 m/s² spike). Audio elevated.,Motion: harsh_brake | Audio: very_loud
FLAG371,TRIP213,DRV067,2024-02-06 15:53:53,173,conflict_moment,low,0.49,0.28,0.39,Event: motion_score=0.49 audio_score=0.28,Motion: moderate | Audio: normal
FLAG372,TRIP093,DRV090,2024-02-06 15:53:59,179,audio_spike,low,0.3,0.44,0.36,Event: motion_score=0.3 audio_score=0.44,Motion: normal | Audio: elevated
FLAG373,TRIP213,DRV067,2024-02-06 15:56:46,346,sustained_stress,medium,0.61,0.59,0.6,Continued elevated audio (77 dB) with moderate motion disturbance.,Motion: moderate | Audio: very_loud
FLAG374,TRIP130,DRV094,2024-02-06 16:15:55,355,moderate_brake,low,0.38,0.27,0.33,Event: motion_score=0.38 audio_score=0.27,Motion: normal | Audio: normal
FLAG375,TRIP070,DRV207,2024-02-06 16:16:14,374,sustained_stress,medium,0.42,0.59,0.5,Continued elevated audio (76 dB) with moderate motion disturbance.,Motion: normal | Audio: very_loud
FLAG376,TRIP070,DRV207,2024-02-06 16:16:44,404,sustained_stress,high,0.68,0.59,0.64,Continued elevated audio (76 dB) with moderate motion disturbance.,Motion: moderate | Audio: very_loud
FLAG377,TRIP130,DRV094,2024-02-06 16:21:51,711,audio_spike,medium,0.49,0.79,0.62,Elevated cabin audio (87 dB) detected.,Motion: moderate | Audio: argument
FLAG378,TRIP190,DRV165,2024-02-06 16:22:00,720,audio_spike,low,0.19,0.4,0.28,Event: motion_score=0.19 audio_score=0.4,Motion: normal | Audio: normal
FLAG379,TRIP130,DRV094,2024-02-06 16:22:21,741,conflict_moment,high,0.76,0.79,0.77,Combined signal: Harsh acceleration (2.7 m/s²) + sustained high audio (87 dB). Potential argument.,Motion: harsh_accel | Audio: argument
FLAG380,TRIP130,DRV094,2024-02-06 16:30:05,1205,sustained_stress,medium,0.57,0.61,0.59,Continued elevated audio (78 dB) with moderate motion disturbance.,Motion: moderate | Audio: very_loud
FLAG381,TRIP070,DRV207,2024-02-06 16:31:54,1314,moderate_brake,low,0.44,0.31,0.38,Moderate motion event (1.5 m/s²) with audio evidence (score=0.31).,Motion: moderate | Audio: very_loud
FLAG382,TRIP046,DRV191,2024-02-06 16:31:56,596,harsh_braking,high,1.0,0.25,0.66,Hard acceleration detected (4.0 m/s² spike).,Motion: harsh_accel | Audio: normal
FLAG383,TRIP046,DRV191,2024-02-06 16:32:26,626,harsh_braking,high,1.0,0.25,0.66,Sudden deceleration detected (3.9 m/s² spike). Traffic stop.,Motion: harsh_brake | Audio: normal
FLAG384,TRIP106,DRV205,2024-02-06 16:36:20,860,audio_spike,low,0.39,0.45,0.42,Event: motion_score=0.39 audio_score=0.45,Motion: normal | Audio: elevated
FLAG385,TRIP106,DRV205,2024-02-06 16:36:50,890,moderate_brake,medium,0.7,0.45,0.59,Moderate motion event (2.5 m/s²) with audio evidence (score=0.45).,Motion: moderate | Audio: elevated
FLAG386,TRIP106,DRV205,2024-02-06 16:41:58,1198,sustained_stress,medium,0.59,0.59,0.59,Continued elevated audio (76 dB) with moderate motion disturbance.,Motion: moderate | Audio: very_loud
FLAG387,TRIP202,DRV085,2024-02-06 16:43:20,560,audio_spike,low,0.18,0.39,0.27,Event: motion_score=0.18 audio_score=0.39,Motion: normal | Audio: normal
FLAG388,TRIP178,DRV046,2024-02-06 16:50:25,265,conflict_moment,low,0.4,0.28,0.35,Event: motion_score=0.4 audio_score=0.28,Motion: normal | Audio: normal
FLAG389,TRIP178,DRV046,2024-02-06 16:55:21,561,harsh_braking,high,0.75,0.5,0.64,Hard acceleration detected (2.6 m/s² spike).,Motion: harsh_accel | Audio: very_loud
FLAG390,TRIP082,DRV066,2024-02-06 16:58:40,1480,audio_spike,low,0.21,0.35,0.27,Event: motion_score=0.21 audio_score=0.35,Motion: normal | Audio: normal
FLAG391,TRIP154,DRV169,2024-02-06 16:59:09,69,harsh_braking,high,1.0,0.61,0.82,Hard acceleration detected (4.0 m/s² spike).,Motion: harsh_accel | Audio: very_loud
FLAG392,TRIP154,DRV169,2024-02-06 16:59:39,99,harsh_braking,high,1.0,0.61,0.82,Hard acceleration detected (6.5 m/s² spike).,Motion: harsh_accel | Audio: very_loud
FLAG393,TRIP118,DRV124,2024-02-06 17:00:07,847,sustained_stress,medium,0.56,0.31,0.45,Continued elevated audio (60 dB) with moderate motion disturbance.,Motion: moderate | Audio: very_loud
FLAG394,TRIP118,DRV124,2024-02-06 17:00:37,877,conflict_moment,high,0.94,0.31,0.66,Combined signal: motion + audio events detected in trip. Hard acceleration detected (3.3 m/s² spike).,Motion: harsh_accel | Audio: very_loud
FLAG395,TRIP178,DRV046,2024-02-06 17:02:57,1017,sustained_stress,medium,0.57,0.65,0.61,Continued elevated audio (81 dB) with moderate motion disturbance.,Motion: moderate | Audio: very_loud
FLAG396,TRIP118,DRV124,2024-02-06 17:07:27,1287,harsh_braking,medium,0.75,0.25,0.52,Sudden deceleration detected (2.6 m/s² spike). Traffic stop.,Motion: harsh_brake | Audio: normal
FLAG397,TRIP118,DRV124,2024-02-06 17:07:57,1317,moderate_brake,medium,0.61,0.25,0.45,Moderate motion event (2.1 m/s²). Normal traffic pattern.,Motion: moderate | Audio: normal
FLAG398,TRIP154,DRV169,2024-02-06 17:11:13,793,harsh_braking,high,1.0,0.57,0.81,Sudden deceleration detected (5.0 m/s² spike). Audio elevated.,Motion: harsh_brake | Audio: elevated
FLAG399,TRIP215,DRV110,2024-02-06 17:12:20,440,audio_spike,low,0.2,0.39,0.29,Event: motion_score=0.2 audio_score=0.39,Motion: normal | Audio: normal
FLAG400,TRIP155,DRV127,2024-02-06 17:13:16,496,conflict_moment,low,0.4,0.29,0.35,Event: motion_score=0.4 audio_score=0.29,Motion: normal | Audio: normal
FLAG401,TRIP035,DRV185,2024-02-06 17:17:09,729,harsh_braking,medium,0.76,0.26,0.53,Hard acceleration detected (2.6 m/s² spike).,Motion: harsh_accel | Audio: normal
FLAG402,TRIP035,DRV185,2024-02-06 17:17:20,740,conflict_moment,high,0.82,0.61,0.73,Combined signal: motion + audio events detected in trip. Hard acceleration detected (2.9 m/s² spike).,Motion: harsh_accel | Audio: very_loud
FLAG403,TRIP035,DRV185,2024-02-06 17:17:39,759,sustained_stress,medium,0.65,0.61,0.63,Continued elevated audio (75 dB) with moderate motion disturbance.,Motion: moderate | Audio: very_loud
FLAG404,TRIP191,DRV118,2024-02-06 17:18:36,96,harsh_braking,low,0.5,0.29,0.41,Event: motion_score=0.5 audio_score=0.29,Motion: moderate | Audio: normal
FLAG405,TRIP071,DRV011,2024-02-06 17:19:34,154,moderate_brake,low,0.47,0.31,0.4,Moderate motion event (1.6 m/s²) with audio evidence (score=0.31).,Motion: moderate | Audio: normal
FLAG406,TRIP191,DRV118,2024-02-06 17:20:13,193,sustained_stress,medium,0.54,0.6,0.56,Continued elevated audio (77 dB) with moderate motion disturbance.,Motion: moderate | Audio: very_loud
FLAG407,TRIP191,DRV118,2024-02-06 17:20:20,200,moderate_brake,medium,0.66,0.26,0.48,Moderate motion event (2.3 m/s²). Normal traffic pattern.,Motion: moderate | Audio: normal
FLAG408,TRIP155,DRV127,2024-02-06 17:21:32,992,sustained_stress,medium,0.49,0.49,0.49,Continued elevated audio (74 dB) with moderate motion disturbance.,Motion: moderate | Audio: very_loud
FLAG409,TRIP034,DRV053,2024-02-06 17:22:00,1440,moderate_brake,low,0.22,0.33,0.27,Event: motion_score=0.22 audio_score=0.33,Motion: normal | Audio: normal
FLAG410,TRIP071,DRV011,2024-02-06 17:22:09,309,sustained_stress,medium,0.58,0.61,0.6,Continued elevated audio (80 dB) with moderate motion disturbance.,Motion: moderate | Audio: very_loud
FLAG411,TRIP095,DRV088,2024-02-06 17:22:58,1078,harsh_braking,low,0.51,0.27,0.4,Event: motion_score=0.51 audio_score=0.27,Motion: moderate | Audio: normal
FLAG412,TRIP167,DRV118,2024-02-06 17:31:44,164,harsh_braking,high,1.0,0.46,0.76,Hard acceleration detected (3.5 m/s² spike).,Motion: harsh_accel | Audio: elevated
FLAG413,TRIP047,DRV107,2024-02-06 17:37:02,482,harsh_braking,high,0.94,0.31,0.66,Hard acceleration detected (3.3 m/s² spike).,Motion: harsh_accel | Audio: normal
FLAG414,TRIP008,DRV050,2024-02-06 17:38:00,480,audio_spike,low,0.25,0.4,0.32,Event: motion_score=0.25 audio_score=0.4,Motion: normal | Audio: normal
FLAG415,TRIP167,DRV118,2024-02-06 17:42:12,792,conflict_moment,high,0.74,0.8,0.76,Combined signal: Harsh braking (2.6 m/s²) + sustained high audio (87 dB). Potential argument.,Motion: harsh_brake | Audio: argument
FLAG416,TRIP167,DRV118,2024-02-06 17:42:42,822,audio_spike,high,0.64,0.8,0.71,Elevated cabin audio (87 dB) detected.,Motion: moderate | Audio: argument
FLAG417,TRIP203,DRV146,2024-02-06 17:43:26,146,harsh_braking,high,1.0,0.56,0.8,Hard acceleration detected (4.1 m/s² spike).,Motion: harsh_accel | Audio: elevated
FLAG418,TRIP203,DRV146,2024-02-06 17:43:56,176,harsh_braking,high,1.0,0.56,0.8,Sudden deceleration detected (4.0 m/s² spike). Audio elevated.,Motion: harsh_brake | Audio: elevated
FLAG419,TRIP047,DRV107,2024-02-06 17:45:05,965,harsh_braking,high,1.0,0.25,0.66,Hard acceleration detected (4.3 m/s² spike).,Motion: harsh_accel | Audio: normal
FLAG420,TRIP083,DRV151,2024-02-06 17:47:55,415,harsh_braking,high,1.0,0.25,0.66,Hard acceleration detected (3.9 m/s² spike).,Motion: harsh_accel | Audio: normal
FLAG421,TRIP107,DRV046,2024-02-06 17:49:40,1240,audio_spike,low,0.19,0.37,0.27,Event: motion_score=0.19 audio_score=0.37,Motion: normal | Audio: normal
FLAG422,TRIP167,DRV118,2024-02-06 17:52:13,1393,sustained_stress,low,0.26,0.63,0.43,Continued elevated audio (77 dB) with moderate motion disturbance.,Motion: normal | Audio: very_loud
FLAG423,TRIP167,DRV118,2024-02-06 17:52:43,1423,audio_spike,low,0.11,0.63,0.34,Event: motion_score=0.11 audio_score=0.63,Motion: normal | Audio: very_loud
FLAG424,TRIP083,DRV151,2024-02-06 17:54:45,825,conflict_moment,high,0.78,0.79,0.78,Combined signal: Harsh braking (2.7 m/s²) + sustained high audio (85 dB). Potential argument.,Motion: harsh_brake | Audio: argument
FLAG425,TRIP059,DRV028,2024-02-06 17:55:10,130,conflict_moment,low,0.4,0.27,0.35,Event: motion_score=0.4 audio_score=0.27,Motion: normal | Audio: normal
FLAG426,TRIP083,DRV151,2024-02-06 17:55:15,855,audio_spike,medium,0.49,0.79,0.63,Elevated cabin audio (85 dB) detected.,Motion: moderate | Audio: argument
FLAG427,TRIP179,DRV147,2024-02-06 17:55:58,178,harsh_braking,high,1.0,0.28,0.67,Hard acceleration detected (3.9 m/s² spike).,Motion: harsh_accel | Audio: very_loud
FLAG428,TRIP179,DRV147,2024-02-06 17:56:28,208,harsh_braking,high,1.0,0.28,0.67,Hard acceleration detected (6.5 m/s² spike).,Motion: harsh_accel | Audio: very_loud
FLAG429,TRIP059,DRV028,2024-02-06 17:57:21,261,moderate_brake,medium,0.51,0.47,0.49,Moderate motion event (1.8 m/s²) with audio evidence (score=0.47).,Motion: moderate | Audio: elevated
FLAG430,TRIP143,DRV042,2024-02-06 17:57:25,985,harsh_braking,high,1.0,0.58,0.81,Hard acceleration detected (4.1 m/s² spike).,Motion: harsh_accel | Audio: elevated
FLAG431,TRIP143,DRV042,2024-02-06 17:57:55,1015,harsh_braking,high,1.0,0.58,0.81,Sudden deceleration detected (4.0 m/s² spike). Audio elevated.,Motion: harsh_brake | Audio: elevated
FLAG432,TRIP179,DRV147,2024-02-06 18:04:30,690,harsh_braking,medium,1.0,0.16,0.62,Sudden deceleration detected (4.9 m/s² spike). Traffic stop.,Motion: harsh_brake | Audio: normal
FLAG433,TRIP010,DRV145,2024-02-06 19:23:00,1080,conflict_moment,high,1.0,0.9,0.96,Combined signal: Harsh acceleration (8.0 m/s²) + sustained high audio (94 dB). Potential argument.,Motion: harsh_accel | Audio: argument
FLAG434,TRIP010,DRV145,2024-02-06 19:23:30,1110,conflict_moment,high,1.0,0.94,0.97,Combined signal: Harsh braking (6.7 m/s²) + sustained high audio (96 dB). Potential argument.,Motion: harsh_brake | Audio: argument
FLAG435,TRIP010,DRV145,2024-02-06 19:24:00,1140,conflict_moment,high,1.0,0.94,0.97,Combined signal: Harsh braking (3.6 m/s²) + sustained high audio (93 dB). Potential argument.,Motion: harsh_brake | Audio: argument
